name,country,currentFormPointsAfter2022_2023,currentFormPointsAfter2023_2024,currentFormPointsAfter2024_2025,currentFormPointsAfter2025_2026,currentFormPointsAfter2026_2027
Paul Deaville,England,1500.0,1500.0,1292.5736919374988,1383.160209113009,1383.160209113009
Ma Shaojun,China,1500.0,1500.0,1459.181266299361,1459.181266299361,1459.181266299361
Thor Chuan Leong,Malaysia,1500.0,1511.451971443388,1509.8930743067167,1509.8930743067167,1509.8930743067167
Qiu Lei,China,1500.0,1500.0,1459.1609995529914,1464.1817146849805,1464.1817146849805
Liu Wenwei,China,1500.0,1500.0,1500.0,1322.7205838670582,1166.0935567173424
David Gilbert,"England",1824.2946714973555,2318.9681398041394,1925.0752462951273,1928.0912948721498,2236.1034378206173
Brian Ochoiski,France,1500.0,1500.0,1500.0,1500.0,1466.3943043811212
Mark Allen,"Northern Ireland",2329.3201880668685,2254.0249526896437,2061.6014832390356,2516.924576583784,2516.924576583784
Jack O'Brien,Ireland,1500.0,1500.0,1500.0,1491.0392845584233,1491.0392845584233
Hossein Vafaei,"Iran",1799.4122514305081,2042.977327781718,2279.588587013566,2249.3866349420173,2059.7916321401076
Yisong Peng,"China",991.6212294071269,1509.4122335022105,1509.4122335022105,1509.4122335022105,1509.4122335022105
Zhang Hao,China,1500.0,1500.0,1500.0,1457.1975862301279,1457.1975862301279
Andy Lee,"England",1170.740547021723,1248.308581654164,1248.308581654164,1248.308581654164,1248.308581654164
Kyren Wilson,"England",2103.6061286322997,2526.3895778744136,2478.153458611628,2211.1157929334295,2409.4156637863744
Kreishh Gurbaxani,India,1500.0,1500.0,1254.8404951707896,1247.9748625137238,1247.9748625137238
Chen Ruifu,China,1500.0,1500.0,1500.0,1500.0,1590.0602751773713
Luke Pinches,England,1500.0,1500.0,1500.0,1500.0,1515.4049342570809
Haydon Pinhey,England,1412.0291315371728,1273.4358660675414,1266.3530380178233,1395.1894846464606,1421.9913675218083
Alex Taubman,Wales,1500.0,1409.706935556109,1409.706935556109,1409.706935556109,1409.706935556109
Hamza Ilyas,Pakistan,1500.0,1278.860667755512,1278.860667755512,1278.860667755512,1278.860667755512
Simon Blackwell,England,1500.0,1500.0,1305.893954254532,1371.511342434319,1326.99316849109
Anthony McGill,"Scotland",2133.80295445383,1660.3454283515282,1640.0570401045638,1945.7736746727883,1898.096011262441
Jamie Jones,"Wales",1689.5621707125572,1990.2851822196071,1688.1708926828717,1659.8139235391939,1541.6987426387277
Zhou Yuelong,"China",1787.0858408992028,1719.9211747991849,1995.9768844897965,1858.0403027046402,2186.905697833609
Omar Alajlani,Saudi Arabia,1500.0,1478.4179078604038,1392.0223393364433,1392.3341380262539,1392.3341380262539
Yao Pengcheng,China,1500.0,1500.0,1500.0,1382.3588248208039,1586.2421941500975
Huang Jiahao,China,1500.0,1500.0,1404.0669939620332,1240.9575532111762,1286.82890990426
Connor Benzey,England,1500.0,1500.0,1550.9817482197006,1209.851559103492,1139.8321102348375
Haris Tahir,Pakistan,1500.0,1500.0,1185.3786711077958,1188.8507882633264,1188.8507882633264
Abdullah Alotayyani,Saudi Arabia,1500.0,1500.0,1406.158090257121,1444.0990293305942,1444.0990293305942
Umut Dikme,Germany,1500.0,1314.2319348212397,1394.5500763742791,1841.1805444294405,1841.1805444294405
Zhang Yang,China,1500.0,1500.0,1500.0,1500.0,1339.1672222681962
Ali Al Obaidly,Qatar,1500.0,1479.3474705461217,1385.0200928627842,1385.0200928627842,1385.0200928627842
Yulu Bai,China,1500.0,1250.833870745974,1327.2406552431833,1409.6892802407926,1277.3524261799503
Andrew Pagett,"Wales",1425.3158570400242,1230.4362444989604,1230.700006621536,1301.9786705497015,1301.9786705497015
Jake Crofts,England,1406.1276332738205,1406.1276332738205,1406.1276332738205,1406.1276332738205,1406.1276332738205
Paul Norris,England,1500.0,1500.0,1500.0,1500.0,1182.0677079786778
Callum Beresford,England,1325.4275944923404,1325.4275944923404,1325.4275944923404,1325.4275944923404,1325.4275944923404
Fergal Quinn (II),Northern Ireland,1500.0,1433.5862252181373,1460.2415472075388,1188.866046363803,1114.1393802141686
Cody Turner,New Zealand,1500.0,1500.0,1500.0,1394.6256075655945,1394.6256075655945
Noppon Saengkham,"Thailand",1918.961833434079,1937.9155877405678,1848.7818075325622,1878.0909949759593,1978.0358878066186
Filips Kalniņš,Latvia,1181.5905737682256,1343.0151911305463,1343.0151911305463,1343.0151911305463,1343.0151911305463
Ahmed Aly Elsayed,United States,1500.0,925.1484144771009,1035.7638466547633,1035.7638466547633,1035.7638466547633
Musaad Almisfir,Saudi Arabia,1500.0,1500.0,1500.0,1447.8731220804852,1447.8731220804852
Xiao Guodong,"China",1805.631702445071,1882.0520040484619,2379.2454085591808,1979.242693027397,2111.846375946821
Joe O'Connor,"England",1887.9122511625574,2042.614261013232,2290.768256226014,1893.209400323593,1732.709731975152
Chang Bingyu,"China",1329.017234428862,1329.017234428862,1329.017234428862,1909.3389698574963,2006.2679574941274
Barry Hawkins,"England",1798.8395662403282,2005.109160749461,2562.8251174768666,2412.508478724531,2081.3772924526893
Amir Sarkhosh,Iran,1500.0,1426.49763068417,1231.139355290663,1378.7422073519583,1378.7422073519583
Zhang Xiao,China,1500.0,1500.0,1500.0,1462.2877714365923,1462.2877714365923
Barry Pinches,"England",1431.7058795385528,1424.9280837267,1486.7709495532033,1486.7709495532033,1486.7709495532033
Lee Walker,Wales,1456.1832188276646,1456.1832188276646,1456.1832188276646,1456.1832188276646,1456.1832188276646
Anthony Hamilton,"England",1537.7654639971004,1492.0929874373228,1558.5560982084542,1558.5560982084542,1558.5560982084542
Deng Haohui,China,1500.0,1473.8867287961875,1473.8867287961875,1473.8867287961875,1419.1400970159377
Adeel Aqdus,Pakistan,1500.0,1500.0,1453.747506822812,1395.637120603063,1395.637120603063
Ben Mertens,"Belgium",1518.9893069817686,1565.2562483139436,1318.3872147599761,1635.7275773231117,1439.9518956603035
Cheung Ka Wai,Hong Kong,1500.0,1441.181475210525,1546.9503894422314,1629.7339238521563,1610.7590358696189
Ross Bulman,Ireland,1378.7773353378877,1378.7773353378877,1378.7773353378877,1378.7773353378877,1378.7773353378877
Halim Hussain,England,1500.0,1500.0,1500.0,1409.4706838129857,1409.4706838129857
Antoni Kowalski,Poland,1500.0,1500.0,1269.2985223676778,1698.782233793613,1628.946895880383
Kayden Brierley,England,1500.0,1500.0,1451.7592050120606,1401.0681278319003,1401.0681278319003
Mohamed Elkhayat,Egypt,1500.0,1500.0,1479.0110941459054,1479.0110941459054,1479.0110941459054
Luo Zetao,China,1500.0,1500.0,1500.0,1500.0,1597.18266923001
Scott Donaldson,"Scotland",1511.304025140174,1747.8336654908408,1630.5753144287512,1381.5380113897731,1522.5021952064405
Wang Yuchen,China,1500.0,1500.0,1597.969004856444,1393.310176208245,1393.310176208245
Alfie Burden,"England",1444.331531812859,1486.459414903796,1343.2643065785917,1520.7553737412677,1534.058150535131
Ricky Walden,"England",1923.5426715155504,1855.0523122100385,1690.769790924392,1618.8796765407446,1707.2331018543898
Ronnie O'Sullivan,"England",2147.3647221308515,2446.0411083870513,2147.7495429486007,2635.24373416441,2385.9175802020573
Mark Davis,"England",1762.5542676896825,1894.0992233881004,1693.8617078246125,1475.909605450948,1475.909605450948
Mohammed Shehab,United Arab Emirates,1500.0,1477.2992033077546,1424.7438187663156,1410.530781873827,1410.530781873827
Marco Fu,"Hong Kong",1359.448238957824,1618.9240188356357,1595.6769817383306,1848.6793827078704,1725.9580674237036
Andrew Higginson,England,1654.2866548795384,1552.2524269951405,1419.1168386310374,1419.1168386310374,1462.4573455124614
Chris Wakelin,"England",1752.6958337792414,1837.8325437156743,2083.8540534064696,2028.3511752936827,1903.9086952121568
Zhou Yichen,China,1500.0,1500.0,1500.0,1500.0,1351.0701270525922
Abdulraouf Saigh,Saudi Arabia,1500.0,1500.0,1500.0,1403.5268377815114,1403.5268377815114
Duane Jones,"Wales",1269.0103982409478,1450.5907583416613,1635.4282941175777,1344.5054682289294,1541.678888997104
Ryan Davies,England,1380.1153348615803,1430.1785433169728,1384.8591539024562,1453.7022638451756,1453.7022638451756
Ishpreet Singh Chadha,India,1500.0,1502.0047455354998,1655.7793153148043,1619.6518765741635,1607.452733193247
Graeme Dott,"Scotland",1715.429877239353,1649.202018257991,1606.3764537975358,1606.3764537975358,1606.3764537975358
Ali Jalil Ali,Iraq,1500.0,1500.0,1433.596028359475,1433.596028359475,1433.596028359475
Dean Young,"Scotland",1214.8680852938378,1144.921184984423,1409.5094242454968,1443.9423303469034,1539.5624132585483
Tom Ford,"England",1714.9225975749373,2059.813353088053,1794.7253752588229,1867.1434183114673,1848.2106297504213
Stephen Hendry,"Scotland",943.465900330683,924.0054222885907,924.0054222885907,924.0054222885907,924.0054222885907
Ian Martin,England,1190.735358987181,1190.735358987181,1190.735358987181,1190.735358987181,1337.9731585796283
Jeff Cundy,England,1500.0,1500.0,1500.0,1500.0,1377.841993131233
Ali Hussain Ali,Iraq,1500.0,1500.0,1385.9934625487765,1385.9934625487765,1385.9934625487765
Bulcsú Révész,Hungary,1300.7819001911057,1328.2217689096594,1310.9101370002495,1610.4411984679755,1610.4411984679755
Michael Holt,England,1559.4047182269244,1434.7394893631727,1692.7424291918692,1641.698494978123,1716.0238063791196
Ken Doherty,"Ireland",1468.1768710100469,1348.7902215038464,1266.35736309702,1318.826183849595,1318.826183849595
Ahmed Abdullah Aseeri,Saudi Arabia,1500.0,1500.0,1461.4439951130937,1413.4681200815126,1413.4681200815126
Liam Graham,Scotland,1350.0553071350266,1199.386014344192,1293.095876589222,1181.9266809949672,1303.9471035952915
Saleh Alamoudi,Saudi Arabia,1500.0,1500.0,1385.6486099585402,1385.6486099585402,1385.6486099585402
Brad Ferguson,Wales,1313.2509888258953,1313.2509888258953,1313.2509888258953,1313.2509888258953,1313.2509888258953
Mark Lloyd,England,1500.0,1500.0,1500.0,1328.8224507056345,1328.8224507056345
Ryan Day,"Wales",1927.4344676417861,2031.563025697698,1839.8172299015912,1629.664404515415,1503.8421151704767
Florian Nüßle,Austria,1551.1479539503166,1497.2853968745253,1550.5268304414692,1409.5315362922368,1556.6282566564853
Jamie Gardiner,Northern Ireland,1500.0,1500.0,1504.1599170335862,1504.1599170335862,1504.1599170335862
Martin O'Donnell,England,1580.905879426491,1530.4473572719614,1490.1807185156922,1736.069295695188,1372.9020513669134
Prin Ratmukda,Thailand,1500.0,1500.0,1500.0,1442.3651132924476,1442.3651132924476
Mahmoud El-Hareedy,Egypt,1500.0,1500.0,1500.0,1172.2694056430169,1324.8405089929195
Jonas Luz,Brazil,1500.0,1500.0,1039.6827983653748,992.9337474139598,992.9337474139598
Saud Albaker,Saudi Arabia,1500.0,1500.0,1500.0,1392.6768916923058,1392.6768916923058
Mark Williams,"Wales",2039.563663190114,2383.758300261046,2679.9040705670877,2080.176122911917,2189.7898849053067
Wu Shengguang,China,1500.0,1500.0,1500.0,1500.0,1434.7507004285987
Hamim Hussain,England,1500.0,1500.0,1550.9405848176111,1550.9405848176111,1550.9405848176111
Xu Jiarui,China,1500.0,1500.0,1500.0,1496.6000226140175,1589.846185883906
Luca Brecel,"Belgium",2684.481675314833,2104.508276836932,2470.358645189583,1769.0608788864072,1668.379997421049
Rebecca Kenna,"England",807.1332959064877,768.7392672307858,768.7392672307858,768.7392672307858,768.7392672307858
Fergal O'Brien,"Ireland",1211.9477026136096,1254.4497813184894,1254.4497813184894,1254.4497813184894,1254.4497813184894
Huang Hao,China,1500.0,1500.0,1398.4119532896557,1398.4119532896557,1398.4119532896557
Chatchapong Nasa,Thailand,1500.0,1500.0,1500.0,1345.1300815885588,1364.5923553186196
David Lilley,"England",1549.6089521306196,1543.9653159785075,1541.7263764342188,1542.996572325699,1448.3344469597407
Michael White,"Wales",1504.8201607461442,1685.8499468281104,1567.6280972365532,1567.6280972365532,1567.6280972365532
Riley Powell,Wales,1503.8369047488443,1285.0314483175246,1467.840200225111,1465.2204744824523,1465.2204744824523
Yuan Sijun,"China",1674.698575490574,1830.2737896942938,1770.9293450184878,1764.9487719308918,1691.0766388965988
Mohammed Al Joker,United Arab Emirates,1500.0,1500.0,1500.0,1423.3297930697386,1423.3297930697386
Ziyad Al Qabbani,Saudi Arabia,1500.0,1500.0,1420.3423253343874,1433.146879234331,1433.146879234331
Dechawat Poomjaeng,"Thailand",1341.0412275475992,1341.0412275475992,1341.0412275475992,1341.0412275475992,1341.0412275475992
Oliver Lines,"England",1694.6915415038009,1481.0601383702958,1583.559377593049,1468.8534218202428,1436.661940860444
Jianbo Zhao,China,1646.0441362936717,1646.0441362936717,1646.0441362936717,1646.0441362936717,1646.0441362936717
Michael Judge,"Ireland",1131.9524159391015,1131.9524159391015,1131.9524159391015,1131.9524159391015,1131.9524159391015
Bradley Cowdroy,England,1500.0,1451.652373555198,1451.652373555198,1451.652373555198,1451.652373555198
Joshua Cooper,England,1500.0,1500.0,1243.9288468440855,1243.9288468440855,1243.9288468440855
Ian Burns,"England",1485.8804373060411,1587.7695976031566,1707.392319229632,1461.3604309351763,1575.2738020057616
Sion Stuart,Wales,1500.0,1500.0,1484.7077715665978,1484.7077715665978,1484.7077715665978
Ayaan Iqbal,Scotland,1500.0,1500.0,1464.665084334542,1464.665084334542,1464.665084334542
Louis Heathcote,"England",1507.2324177641046,1903.0583983441372,1493.4475043543662,1546.0374318745432,1598.23310984662
Jack Borwick,Scotland,1492.4372812713318,1394.3341225250028,1411.1484153915148,1460.1774256279273,1460.1774256279273
Ben Woollaston,"England",1603.7431899603116,1745.741464374942,1963.15010323248,1571.7756774485256,1422.3702976291063
Cai Wei,China,1500.0,1500.0,1416.9980465192396,1416.9980465192396,1416.9980465192396
Allan Taylor,"England",1418.7956541155377,1433.244180570186,1465.9746863663981,1429.3348442301067,1400.407362081826
Stephen Maguire,"Scotland",1641.765956948263,2073.3281033005455,1605.4460611913587,1699.6683214512416,1635.932204020597
Rod Lawler,"England",1341.6257364705007,1316.2715034289738,1316.2715034289738,1316.2715034289738,1316.2715034289738
Michal Szubarczyk,Poland,1500.0,1500.0,1405.8938470033468,1349.6756288891618,1254.9773744112351
Rory McLeod,Jamaica,1485.8357051886928,1379.165932628982,1409.7943402262968,1409.7943402262968,1409.7943402262968
Ben Hancorn,England,1486.9295946163304,1486.9295946163304,1486.9295946163304,1486.9295946163304,1486.9295946163304
Mitchell Mann,"England",1238.0921938507915,1238.0921938507915,1667.2095998395162,1354.3126001614003,1365.0085175056333
Krzysztof Czapnik,Poland,1500.0,1500.0,1500.0,1384.6720214526263,1384.6720214526263
Victor Sarkis,"Brazil",856.7180471440761,806.0394768004111,806.0394768004111,806.0394768004111,806.0394768004111
Ma Hailong,China,1300.1910009819337,1440.8340423655452,1288.4124144350017,1288.4124144350017,1288.4124144350017
Zheng Dian,China,1500.0,1500.0,1495.0300579924544,1495.0300579924544,1495.0300579924544
David Grace,"England",1828.6524808146658,1478.2691413068471,1618.7304398583067,1431.8660053428066,1642.2173952656415
Robbie Mcguigan,Northern Ireland,1398.837517582958,1385.0084707586961,1373.2454498262505,1440.8591180998785,1440.8591180998785
Zack Richardson,England,1500.0,1500.0,1452.1963992288133,1531.4205539093052,1531.4205539093052
Sean Maddocks,England,1500.0,1500.0,1500.0,1500.0,1517.326049642087
Mateusz Baranowski,Poland,1500.0,1500.0,1345.6274391196423,1427.3318137235735,1485.7311032452005
Zak Surety,"England",1373.0158284447741,1558.7739374931575,2068.478969056671,1566.6924857471743,1610.718177743864
Farakh Ajaib,England,1277.3659814990017,1277.3659814990017,1363.6523281457708,1306.543099221808,1306.543099221808
Mark Selby,"England",2466.168344805426,2207.1757933719005,2568.392134234866,2450.559293176969,2380.179525904307
Sean O'Sullivan,"England",1361.1039055910728,1328.37699215949,1350.0832593451514,1350.0832593451514,1319.28872720847
Liam Davies,Wales,1273.3020614028242,1286.3581380998776,1442.014739031628,1601.4291826815129,1699.9345770563446
Ryan Thomerson,"Australia",1063.841279579148,1039.5773972839893,1194.274441577826,1194.274441577826,1125.571514400206
Alfie Davies,Wales,1500.0,1494.810438776875,1452.871136400468,1472.4440747857898,1446.3861563785629
Julien Leclercq,"Belgium",1431.581612545851,1410.367051237352,1544.339863086585,1663.1071481569045,1486.777468770503
Sydney Wilson,England,1500.0,1261.027781682594,1261.027781682594,1261.027781682594,1261.027781682594
Oliver Brown,"England",1105.4157269974962,1447.4781048204507,1447.4781048204507,1230.950866148107,1301.7949546792634
Stan Moody,England,1341.1614840909422,1388.6154848798628,1836.6616038528146,2078.5474338442327,1702.1564263205687
Ashley Carty,England,1500.0,1432.703207484475,1418.2046162056217,1528.5428456884656,1483.8038999582207
Jiang Jun,China,1500.0,1815.1834576636254,1648.162376875303,1888.0709163052102,1612.8541083038367
Zak Sheldon,Northern Ireland,1500.0,1500.0,1500.0,1410.8817576529973,1410.8817576529973
Akani Songsermsawad,Thailand,1500.0,1500.0,1674.607708043661,1477.3984214368504,1477.3984214368504
Aidan Murphy (II),England,1500.0,1500.0,1500.0,1409.4235514163363,1409.4235514163363
Liu Linhao,China,1500.0,1500.0,1500.0,1500.0,1471.4686637545967
Neil Robertson,"Australia",1975.3259300821956,2270.106602442906,2139.6493793606605,2358.5864758197445,2120.279192717509
Ng On Yee,"Hong Kong",1092.1143588551738,1092.1143588551738,1092.1143588551738,1125.0844013743797,1159.7273231378144
Thepchaiya Un-Nooh,"Thailand",1906.7874488057655,1793.4202520534448,1700.6440338794905,2238.6166993940797,1729.0707116387725
Elliot Slessor,"England",1940.4530955561258,1890.4866647648375,2043.8425186561158,1843.625085154898,1844.2055880392822
Ahmed Abul,Kuwait,1500.0,1500.0,1411.5726835440619,1411.5726835440619,1411.5726835440619
Zhao Hanyang,China,1500.0,1500.0,1500.0,1457.0492321727522,1241.937149817064
Reanne Evans,"England",907.0625826936708,763.75452929007,988.911514082178,1145.5217825898542,1114.5902558998955
Jordan Brown,"Northern Ireland",1675.6937029523822,1621.7190433155733,1549.2288205117486,1381.2888164665974,1574.276408823795
Haitham Al Mahri,Oman,1500.0,1500.0,1386.4768462360698,1386.4768462360698,1386.4768462360698
Abdulraouf Sayegh,Saudi Arabia,1500.0,1500.0,1480.5448050760363,1480.5448050760363,1480.5448050760363
Stuart Bingham,"England",1762.4347778503736,2362.431058441126,1824.1205536916862,1986.893029194546,1680.3549856418886
Billy Joe Castle,England,1397.4042963382794,1397.4042963382794,1397.4042963382794,1397.4042963382794,1397.4042963382794
Brian Cini,Malta,1500.0,1500.0,1384.6105879679928,1375.3062197770284,1375.3062197770284
Jimmy White,"England",1394.2406007061745,1297.904296496137,1298.532397711495,1449.5239897049871,1264.7219415329446
Mostafa Dorgham,Egypt,1500.0,1376.2040033051815,1257.8807360858991,1283.612454029604,1283.612454029604
James Cahill,"England",1526.5748240764183,1343.4706494235966,1343.4706494235966,1544.1745713747368,1544.1745713747368
Andres Petrov,"Estonia",1297.0887540106542,1323.7847168658586,1286.8571839454726,1286.8571839454726,1286.8571839454726
Daniel Holoyda,Poland,1500.0,1367.253320577841,1367.253320577841,1367.253320577841,1367.253320577841
Martin Gould,"England",1502.534003802129,1512.9315159541925,1512.9315159541925,1512.9315159541925,1512.9315159541925
Vladislav Gradinari,Moldova,1484.5970668287,1361.0053533014539,1360.991254423522,1272.1784736510215,1264.9988717030833
John Higgins,"Scotland",2333.2618277559773,2163.3142327188502,2633.980278495613,2590.0321003600684,2078.7395673933447
Ellise Scott,England,1500.0,1500.0,1500.0,1482.4084807956144,1482.4084807956144
Michael Georgiou,Cyprus,1509.4253123019535,1509.4253123019535,1509.4253123019535,1509.4253123019535,1509.4253123019535
Dong Zihao,China,1500.0,1467.063193082472,1467.063193082472,1467.063193082472,1467.063193082472
Hesham Shawky,Egypt,1500.0,1500.0,1500.0,1461.5960874474065,1461.5960874474065
Himanshu Jain,"India",861.5435586771017,966.4591839763011,966.4591839763011,966.4591839763011,966.4591839763011
Lan Yuhao,China,1500.0,1450.6605532662518,1450.6605532662518,1548.7112450079223,1550.4083745844814
Sophie Nix,Scotland,1500.0,1500.0,1489.3198375406557,1489.3198375406557,1489.3198375406557
Fahad Alghamdi,Saudi Arabia,1500.0,1500.0,1500.0,1399.9476188021065,1399.9476188021065
Peifan Lei,"China",1380.0488631369446,1380.0488631369446,2273.912722558473,1657.1637439970186,1794.325417160123
Mink Nutcharut,"Thailand",944.6260925012878,897.8680291711838,1047.627010991705,943.0478744096259,943.0478744096259
Khalid Kamali,United Arab Emirates,1500.0,1500.0,1430.1220156714323,1430.1220156714323,1430.1220156714323
Mark Joyce,"England",1448.8387391828112,1397.7165822108846,1386.37490983235,1386.37490983235,1495.8321534526476
Ali Carter,"England",1949.2409287815608,2006.761945910043,1982.9986680286565,2180.816426670332,2016.3871097959657
Si Jiahui,"China",2423.233058591443,1939.3633768057123,2118.7309419981843,1693.6354519598165,1746.7373803143705
Igor Figueiredo,Brazil,1500.0,1500.0,1474.3745429668218,1536.585728839978,1536.585728839978
Mykhailo Larkov,Ukraine,1500.0,1500.0,1500.0,1342.0019480796595,1227.3280095098735
Sahil Nayyar,India,1500.0,1500.0,1500.0,1291.4352491833426,1147.9154891868586
Liu Yang,China,1500.0,1500.0,1500.0,1492.636739656922,1391.9174729679457
Xu Si,"China",1719.7039763315652,1461.2161770244725,1703.9974988580102,1938.1082384946071,1891.9510605154483
Josh Mulholland,England,1500.0,1389.1161951113422,1430.0203034881822,1430.0203034881822,1430.0203034881822
Shaun Liu,Hong Kong,1500.0,1485.3920356039807,1485.3920356039807,1485.3920356039807,1485.3920356039807
Liam Highfield,"England",1546.1539653576353,1443.0952761880144,1558.3746815032798,2009.6304602854007,1798.187788850334
Liu Hongyu,China,1500.0,1598.1361574869438,1483.1117160779938,1642.064140223312,1847.7316624014943
Daniel Boyes,England,1500.0,1500.0,1493.0822056427917,1333.2038994625636,1333.2038994625636
Matthew Selt,"England",1977.0037961111173,1938.2715139883899,1920.8892219360228,1699.1347337165826,1791.8392493487559
Jack Bradford,Wales,1500.0,1500.0,1500.0,1481.548520703206,1369.6416184559466
Anton Kazakov,"Ukraine",1074.3060268789495,1038.103301085819,1131.2022523505166,1275.077981558438,1201.5719653008819
Dylan Emery,"Wales",1414.8862104428877,1349.1422752557348,1475.2192097033683,1706.406877897356,1700.5206394562565
Oliver Briffett-Payne,Wales,1441.889311854498,1393.872422058529,1430.212085247831,1445.1349771713617,1445.1349771713617
Peter Lines,"England",1488.2963686987803,1374.3228250590007,1457.7883000247546,1511.664174463549,1495.8987224576306
Ding Junhui,"China",1998.9783099018239,2332.2092502284536,2102.345243074061,2324.369317959896,2113.4539594595203
Gao Yang,China,1432.8304672141853,1463.1075271631273,1823.4234247482682,1645.9244518139317,1558.493778366577
Joe Shannon,Ireland,1500.0,1500.0,1489.1585165376669,1489.1585165376669,1489.1585165376669
Craig Steadman,"England",1320.3130152208053,1449.8143593915895,1416.4277788824515,1342.3312473576548,1305.5584016108069
Xu Yichen,China,1500.0,1500.0,1500.0,1511.0013733785788,1385.6927399854712
Gerard Greene,"Northern Ireland",1372.3839806432482,1372.3839806432482,1290.2961582334426,1290.2961582334426,1290.2961582334426
Oliver Sykes,England,1500.0,1358.2213652079029,1492.636699324706,1426.2799552234007,1329.0398006236944
Thanawat Thirapongpaiboon,Thailand,1500.0,1500.0,1500.0,1500.0,1571.5199052703738
Asif Mukhtar,Pakistan,1500.0,1500.0,1500.0,1391.1868255768848,1391.1868255768848
Dylan Smith,England,1500.0,1500.0,1500.0,1500.0,1373.9015980492734
Sean McAllister,England,1500.0,1477.8260404372068,1477.8260404372068,1477.8260404372068,1477.8260404372068
Hatem Yassen,Egypt,1500.0,1500.0,1154.3325060381412,1044.4496949809736,1044.4496949809736
Kaylan Patel,England,1500.0,1500.0,1481.3808813792539,1411.8634923450738,1351.6895568486198
George Pragnell (II),England,1405.9578957432473,1405.9578957432473,1405.9578957432473,1542.6040843204578,1459.820287002535
Sanderson Lam,"England",1533.1036534956213,1454.2132246154788,1531.5212389516087,1385.4653119664008,1385.4653119664008
Joshua Thomond,England,1500.0,1431.5694721869838,1274.4193096205063,1274.4193096205063,1417.073013037285
Lyu Haotian,"China",1921.2573248268761,1925.3853367754705,1652.8420392754158,1703.723909222759,1787.832989385397
Liam Pullen,England,1424.4031790470294,1460.3537391526963,1371.4376572251829,1953.933943940665,1439.9238763293565
Abdullah Alshammari,Saudi Arabia,1500.0,1500.0,1500.0,1420.817257035341,1420.817257035341
Judd Trump,"England",2069.317279261707,2085.2877849124716,2684.456550439039,2482.010955547097,2473.3292614847473
Asjad Iqbal,"Pakistan",1202.530338457898,1101.8398530258676,1101.8398530258676,1101.8398530258676,1101.8398530258676
Artemijs Zizins,Latvia,1500.0,1500.0,1339.1470152173938,1498.3205817566682,1510.6445434038735
Tian Pengfei,"China",1545.111701513198,1607.2433467093822,1452.2710250994123,1452.2710250994123,1452.2710250994123
Alexander Ursenbacher,"Switzerland",1414.3737625694866,1492.4797306624898,1407.1211204665135,1445.2057233792034,1203.392774235096
Wang Yuhang,China,1500.0,1500.0,1380.8507273539028,1380.8507273539028,1471.118279425926
Sam Craigie,"England",1710.0376716809249,1808.5353475949144,1808.5353475949144,1864.496293447719,1712.0955790412006
Daniel Wells,Wales,1620.026113757468,1801.436780076112,1837.5710639427227,1602.1374128441303,1666.6810065882958
Tang Hewen,China,1500.0,1500.0,1500.0,1510.4171534190177,1430.0021485727927
Pang Junxu,"China",2040.1173245301297,1761.8812336226515,1929.860922918204,1957.2327667000445,1897.1728473744095
Xing Zihao,China,1500.0,1534.9955041213025,1580.6310110848724,1580.6310110848724,1580.6310110848724
Fan Zhengyi,"China",1744.3879518833166,1816.7974916848382,1975.8381288898263,2022.186064131412,1899.8426227435423
Wang Xinbo,China,1500.0,1593.0510958549678,1502.0825248381304,1566.3193119345792,1637.2082471305682
Patrick Whelan,England,1500.0,1500.0,1500.0,1535.3544229438141,1278.981743351204
Stuart Carrington,"England",1331.5998865776214,1720.2951857198525,1455.0801239858833,1356.3503377357501,1304.1050007996562
Lee Stephens,England,1337.5763931577048,1337.5763931577048,1337.5763931577048,1337.5763931577048,1337.5763931577048
Ross Muir,Scotland,1309.3752176451712,1526.7684770700089,1488.4800650661966,1427.763434254794,1540.8785035958147
John Astley,"England",1727.2090130303725,1537.9431725079032,1537.9431725079032,1469.9559969398824,1469.9559969398824
Panchaya Channoi,Thailand,1500.0,1500.0,1500.0,1500.0,1231.3379314453227
Steven Wardropper,Scotland,1500.0,1500.0,1481.4466297507347,1482.532969196435,1482.532969196435
Siripaporn Nuanthakhamjan,Thailand,1276.2839965159906,1065.516670596864,983.7933970180343,983.7933970180343,983.7933970180343
Mohamed Ibrahim,"Egypt",1025.62653778233,1106.5728018994807,1106.5728018994807,1106.5728018994807,1106.5728018994807
Lim Kok Leong,Malaysia,1500.0,1500.0,1415.3268954795737,1415.3268954795737,1415.3268954795737
Jimmy Robertson,"England",1779.9259701475087,1630.8697012594846,1944.505437671351,1642.5693283682815,1802.8711717938188
Ethan Llewellyn,England,1500.0,1500.0,1500.0,1384.2912559485635,1384.2912559485635
Gary Wilson,"England",2105.2789580830613,2143.6765399896144,1894.499724878911,2119.4408937413996,1802.4991522487524
Faisal Bahashwan,Saudi Arabia,1500.0,1500.0,1402.9926156561987,1402.9926156561987,1402.9926156561987
He Guoqiang,China,1500.0,1731.3111418751262,1789.0903279083968,1907.3504142424667,1768.117909675432
Manasawin Phetmalaikul,England,1500.0,1243.3633408665405,1350.6153031733297,1350.6153031733297,1350.6153031733297
Fraser Patrick,"Scotland",1368.7307897268424,1368.7307897268424,1368.7307897268424,1368.7307897268424,1368.7307897268424
Lukas Kleckers,"Germany",1504.0874902394337,1463.4176403373847,1463.4176403373847,1463.4176403373847,1463.4176403373847
Jamie O'Neill,"England",1332.3702220417995,1178.823994163254,1221.4793020455884,1221.4793020455884,1370.522488690596
Yao Dongcheng,China,1500.0,1500.0,1500.0,1500.0,1515.974567505321
Dominic Dale,"Wales",1515.097422621805,1652.3277035753165,1452.9095668147545,1452.9095668147545,1452.9095668147545
Alex Clenshaw,England,1500.0,1500.0,1500.0,1456.4137654712988,1456.4137654712988
Jamie Clarke,"Wales",1455.575948299084,1516.653110004337,1532.3202004214586,1315.8179116155295,1600.309520373141
Chris Totten,Scotland,1500.0,1436.1437444192984,1426.0608912273087,1356.1553993205416,1356.1553993205416
Gong Chenzhi,China,1500.0,1369.0464174054391,1596.2133551997915,1387.5417303276415,1587.2021898733205
Ashley Hugill,"England",1602.8002076796513,1674.5206514588049,1674.5206514588049,1523.0464356615826,1684.9617088739683
Jack Lisowski,"England",2007.1108618902274,2247.083214924161,2077.80099153723,1943.640897738797,1887.8006156371848
Peter Devlin,England,1504.317849750248,1504.317849750248,1504.317849750248,1504.317849750248,1504.317849750248
Wang Xinzhong,China,1500.0,1369.4782005142977,1369.4782005142977,1750.9005115247548,1750.9005115247548
Kusai Hamed Sharif,Libya,1500.0,1500.0,1397.6971948297157,1397.6971948297157,1397.6971948297157
Zhao Xintong,"China",1804.0266415511985,1804.0266415511985,2907.784953956968,2625.0609352525025,2488.341047730726
Hammad Miah,"England",1340.971847603686,1236.4465630192944,1393.6821134318989,1438.0403584360556,1297.659108383865
Habib Subah Humood,Bahrain,1500.0,1500.0,1352.3226563814167,1377.4648301471834,1377.4648301471834
Robert Milkins,"England",1868.3580895634707,1694.795289331113,1493.2530574119687,1441.9105767011774,1438.3139493254764
Jenson Kendrick,"England",850.4980835098836,1621.9047271862426,1621.9047271862426,1621.9047271862426,1621.9047271862426
Aaron Hill,"Ireland",1453.9247462411436,1527.3255836699386,1837.3602388690028,1708.7040172741201,1793.1665423611348
Phil O'Kane,England,1500.0,1500.0,1500.0,1500.0,1211.084464173848
Luke Simmonds,England,1451.3898958003274,1451.3898958003274,1451.3898958003274,1451.3898958003274,1451.3898958003274
Nattanapong Chaikul,Thailand,1500.0,1500.0,1500.0,1500.0,1419.1689784156613
Andy Hicks,"England",1523.9333649883683,1587.8120102269556,1587.8120102269556,1587.8120102269556,1587.8120102269556
Shaun Murphy,"England",2476.9584146709085,2024.8649347406522,2485.9790420472186,2805.6803246349996,2241.4372717387664
Jak Jones,"Wales",2107.816601901766,2418.5623801767024,2044.8928005743956,2035.703041924825,2141.5718209126126
Zhang Anda,"China",1832.8385726435108,1944.464561503285,1829.7135021293789,2242.916441853548,1880.48045914249
Mohammed Asif,"Pakistan",1053.590610719043,1184.1001409935402,1184.1001409935402,1184.1001409935402,1184.1001409935402
Leone Crowley,Ireland,1500.0,1485.43431652763,1263.8877599529933,1358.052351699669,1297.7871037222196
Robbie Williams,"England",1751.292119183355,1934.632379349224,1662.4892269880195,1629.499293470201,1431.9183257940826
Long Zehuang,China,1500.0,1437.472025626892,1807.6177693477616,1888.4902344324441,1572.623837663552
Daniel Womersley,England,1500.0,1298.4246333180704,1242.1718205604743,1391.2138816275688,1360.6641496189195
Musab Sayegh,Saudi Arabia,1500.0,1500.0,1500.0,1398.4382881623346,1398.4382881623346
Matthew Stevens,"Wales",1757.203437450051,1690.4863212770604,1909.2054265323409,1763.6938043528546,1468.2986445075562
Harvey Chandler,England,1414.603969034633,1414.603969034633,1405.603600088495,1405.603600088495,1405.603600088495
Jackson Page,"Wales",1804.327844829883,1899.272805583237,1901.2753905420152,1743.6008170126197,1830.9345761755108
Zhou Jinhao,China,1500.0,1500.0,1410.7856690960023,1456.3035980489544,1456.3035980489544
Zou Pengfei,China,1500.0,1500.0,1488.7596015169381,1488.7596015169381,1488.7596015169381
Cao Yupeng,"China",1741.9095432227448,1819.1441701877843,1819.1441701877843,1819.1441701877843,1819.1441701877843
Wu Yize,"China",1824.4391774058452,1615.4684657591533,2302.6097598246492,2800.272130184813,2253.204538966555
Gary Thomson,Scotland,1500.0,1500.0,1500.0,1426.8460863839355,1426.8460863839355
Cao Jin,China,1500.0,1500.0,1494.3920892707054,1494.3920892707054,1494.3920892707054
Steven Hallworth,England,1496.5837446782764,1526.2940713983155,1503.9364389779305,1377.029381528775,1471.1495782493726
Joe Perry,"England",1802.6187418285392,1567.9096691949917,1574.30950368443,1574.30950368443,1574.30950368443
Lewis Ullah,England,1280.0463189320685,1280.0463189320685,1370.1711023206992,1370.1711023206992,1370.1711023206992
Ayman Alamri,Saudi Arabia,1500.0,1500.0,1387.0241346310243,1418.5587065225345,1418.5587065225345
Han Fuyuan,China,1500.0,1500.0,1500.0,1471.7586295309384,1471.7586295309384
Joel Connolly Jnr,Northern Ireland,1294.5293070366017,1319.3602225136058,1413.1843002638,1443.6739659906061,1443.6739659906061
Adam Duffy,"England",1292.0849911377966,1052.6980722841815,1052.6980722841815,1052.6980722841815,1052.6980722841815
Iulian Boiko,Ukraine,1616.067124243711,1273.6294154856037,1549.306357234833,1391.6385888160733,1478.7718578987299
Amaan Iqbal,Scotland,1285.7087794990302,1350.151754562314,1281.8792806923675,1281.491860647576,1281.491860647576
