Player 1,Player 2,Best Of,Date
"Ronnie O'Sullivan","Jiang Jun",9,"2026-09-28"
"Zhao Xintong","Scott Donaldson",9,"2026-09-28"
"Chris Wakelin","Liam Davies",9,"2026-09-28"
"Si Jiahui","Oliver Lines",9,"2026-09-28"
"Kyren Wilson","Su Jinxiong",9,"2026-09-29"
"John Higgins","David Grace",9,"2026-09-29"
"Shaun Murphy","Dong Zihao",9,"2026-09-29"
"Barry Hawkins","Liam Highfield",9,"2026-09-29"
"Xiao Guodong","Michael Holt",9,"2026-09-29"
"Mark Selby","Andrew Higginson",9,"2026-09-29"
"Ding Junhui","Ricky Walden",9,"2026-09-29"
"Wu Yize","Jamie Clarke",9,"2026-09-29"
